{
    "total_trades": 22106,
    "win_rate": 0.5586718537953497,
    "total_pnl": 165788.0,
    "total_return_pct": 1657.88,
    "sharpe_ratio": 11.985432493461653,
    "max_drawdown": -4370.0,
    "max_drawdown_pct": -43.7,
    "profit_factor": 1.1666023522980329,
    "p_value": 2.6397934353835888e-30,
    "avg_win": 94.0,
    "avg_loss": -102.0
}